[
    {
		"Name":"CI",
		"DateStart": "02/01/2016",
		"DateEnd":"19/03/2016"
	},
    {
		"Name":"LUX",
		"DateStart": "20/03/2016",
		"DateEnd":"29/06/2016"
	},
    {
		"Name":"Interne",
		"DateStart": "30/06/2016",
		"DateEnd":"10/09/2016"
	},
    {
		"Name":"Vulcania",
		"DateStart": "11/09/2016",
		"DateEnd":"12/11/2016"
	},
    {
		"Name":"Interne",
		"DateStart": "13/11/2016",
		"DateEnd":"15/01/2017"
	},
	{
		"Name":"Adhoc",
		"DateStart": "16/01/2017",
		"DateEnd":"17/03/2017"
	},
	{
		"Name":"77",
		"DateStart": "18/03/2017",
		"DateEnd":"10/04/2017"
	},
	{
		"Name":"Tramino",
		"DateStart": "11/04/2017",
		"DateEnd":"31/08/2017"
	},
	{
		"Name":"Interne",
		"DateStart": "01/09/2017",
		"DateEnd":"11/09/2017"
	},
	{
		"Name":"Vulcania",
		"DateStart": "12/09/2017",
		"DateEnd":"31/12/2017"
	}
]