[
	{
		"Name":"Sweco",
		"DateStart": "02/01/2016",
		"DateEnd":"19/04/2016"
	},
    {
		"Name":"Thomasetpirron",
		"DateStart": "20/04/2016",
		"DateEnd":"23/07/2016"
	},
    {
		"Name":"Interne",
		"DateStart": "24/07/2016",
		"DateEnd":"14/09/2016"
	},
    {
		"Name":"Google",
		"DateStart": "15/09/2016",
		"DateEnd":"22/11/2016"
	},
    {
		"Name":"Interne",
		"DateStart": "23/11/2016",
		"DateEnd":"01/01/2017"
	},
    {
		"Name":"Thomasetpirron",
		"DateStart": "02/01/2017",
		"DateEnd":"14/04/2017"
	},
	{
		"Name":"Interne",
		"DateStart": "15/04/2017",
		"DateEnd":"23/04/2017"
	},
	{
		"Name":"Sweco",
		"DateStart": "24/04/2017",
		"DateEnd":"21/07/2017"
	},
	{
		"Name":"Matriciel",
		"DateStart": "22/07/2017",
		"DateEnd":"22/10/2017"
	},
	{
		"Name":"Interne",
		"DateStart": "22/10/2017",
		"DateEnd":"31/12/2017"
	}
]